instrument_type,group,what_it_is,used_for_in_these_assays,assay_count
GC-FID,Chromatography,Gas chromatography with a flame ionization detector. Volatile compounds are separated in a heated column and measured by the current they produce when burned.,Fatty acid (FAME) profiles and other volatile organic compounds.,3
HPLC,Chromatography,"High-performance liquid chromatography. A pump pushes a liquid sample through a packed column that separates the compounds; a detector (UV/DAD, fluorescence, ELSD, refractive index) measures each one.","Quantifying known actives, vitamins, and phytochemicals by retention time and peak area.",122
HPTLC,Chromatography,High-performance thin-layer chromatography. Samples are separated on a coated plate and compared by the pattern of bands.,Botanical identification (fingerprint comparison with a reference).,21
Ion chromatography,Chromatography,"Separates ions (such as nitrate, sulfate, and fluoride) on an ion-exchange column and measures them with a conductivity detector.","Anions and cations in water, food, and ingredients.",4
GC-MS,Chromatography + mass spectrometry,Gas chromatography coupled to a mass spectrometer. Volatile compounds are separated in a heated column and identified by mass.,Volatile and semi-volatile compounds such as solvent residues and some pesticides.,4
LC-MS/MS,Chromatography + mass spectrometry,"Liquid chromatography coupled to a tandem (triple-quadrupole) mass spectrometer. The LC separates compounds and the MS identifies and quantifies them by mass, to very low levels.","Trace contaminants (pesticides, mycotoxins, PFAS, residues) and complex matrices.",93
Ion-selective electrode,Electrochemistry,A probe that responds to the activity of one specific ion in solution.,Fluoride and similar single-ion measurements.,1
Combustion nitrogen analyzer,Elemental analysis,Burns the sample at high temperature and measures the released nitrogen gas (Dumas method). Nitrogen is converted to protein.,Total protein.,3
ICP-MS,Elemental analysis,"Inductively coupled plasma mass spectrometry. A sample is turned into a plasma, and a mass spectrometer counts the ions of each element.","Heavy metals and trace elements at very low levels (lead, arsenic, cadmium, mercury, and others).",29
ICP-OES,Elemental analysis,"Inductively coupled plasma optical emission spectrometry. A plasma excites the elements, which emit light at element-specific wavelengths.","Minerals and nutritional elements at higher concentrations (calcium, magnesium, zinc, and others).",4
ELISA,Immunoassay,"Enzyme-linked immunosorbent assay. Antibodies bind a target protein in a multi-well plate, and an enzyme reaction produces a color or signal read by a plate reader.","Allergens, specific proteins, and some toxins.",24
Visual / sensory inspection,Manual,"A trained analyst examines the sample by eye, smell, or touch against a standard. No instrument is required.","Appearance, odor, color match, foreign matter, and container closure.",6
Flow cytometer,Microbiology,Passes stained cells one at a time through a laser and counts them by their fluorescence.,Counting viable organisms such as probiotics (AFU).,1
Microbial culture (plating and incubation),Microbiology,"Samples are diluted, spread on selective or general agar, incubated, and colonies are counted or identified. Uses incubators, a biosafety cabinet, and plate counting.","Plate counts, yeast and mold, coliforms, and specific pathogens.",25
PCR / qPCR,Molecular biology,Polymerase chain reaction. A thermal cycler copies a chosen DNA sequence; in qPCR (real-time PCR) the signal is measured each cycle to detect and count the target.,"Detecting or identifying organisms, species, and GMOs by DNA.",11
Analytical balance,Physical measurement,A precision scale.,"Weight and count checks (unit weight, average piece weight, pieces per container).",3
Disintegration tester,Physical measurement,Moves tablets or capsules in a heated bath and times how long they take to break apart.,Disintegration and rupture.,2
Headspace gas analyzer,Physical measurement,Samples the gas inside a sealed package and measures oxygen and carbon dioxide.,Package headspace O2 and CO2.,1
Melting point apparatus,Physical measurement,Heats a sample in a capillary tube and records the temperature at which it melts.,Melting point.,1
Particle size analyzer,Physical measurement,Laser diffraction instrument that reports the size distribution of particles in a powder or liquid.,Particle size distribution.,1
Refractometer,Physical measurement,"Measures how much light bends in a liquid, which reports dissolved solids (Brix).",Brix.,1
Sieve shaker,Physical measurement,Mechanical agitator with stacked mesh sieves; the fraction retained on each is weighed.,Particle size by sieve.,1
Turbidimeter,Physical measurement,Measures light scattered by suspended particles.,Turbidity.,1
Viscometer,Physical measurement,Measures resistance to flow (for example a Brookfield spindle viscometer).,Viscosity.,1
Water activity meter,Physical measurement,"Measures the relative humidity of the air in a sealed chamber over the sample, which gives water activity (aw).",Stability and microbial-risk assessment.,1
pH meter,Physical measurement,A glass electrode that measures hydrogen-ion activity.,pH.,1
FTIR,Spectroscopy,Fourier-transform infrared spectroscopy. Measures infrared absorption to produce a chemical fingerprint of the material.,Identity confirmation and screening.,3
UV-Vis spectrophotometer,Spectroscopy,"Measures how much ultraviolet or visible light a sample absorbs. Used with a color-forming (colorimetric) or enzymatic reaction, often in a plate reader.","Total content assays, enzyme activities, and colorimetric tests.",17
"Gravimetric (balance, oven, furnace)",Wet chemistry,"The sample is weighed before and after drying, heating, ashing, or digestion; the weight change is the result.","Moisture, ash, fiber, and total dissolved solids.",10
Titration (incl. Karl Fischer),Wet chemistry,"A reagent of known concentration is added until a reaction endpoint is reached, then the amount used is converted to a result. An automatic titrator or Karl Fischer titrator detects the endpoint.","Peroxide value, free fatty acids, sulfur dioxide, and water by Karl Fischer.",7
